pdb,W,E,C,R,F,K,F43,Q,D,NN254,NN239,NN255,NN261,NN238,A,P,NN293,MQNs_topology_counts_r4,NN296,L,NN265,N,vina,NN246,NN75,NN256,NN278,MQNs_atom_counts_br,H,MQNs_atom_counts_p,nF5Ring,I,nF8HeteroRing,NN277,MQNs_bond_counts_atb,nT7HeteroRing,NN44,NN247,MQNs_polarity_counts_negc,NN100,nF11HeteroRing,NN43,NN295,MQNs_atom_counts_s,MQNs_atom_counts_cl,NN59,D22,Chi4v,n4Ring,V,NN104,NN45,Eccentricity,NN262,nF11Ring,NN95,NN260,nT7Ring,nF7Ring,NN285,SpherocityIndex,n3Ring,S,nF10HeteroRing,nT11HeteroRing,MQNs_atom_counts_co,NN89,NumBridgeheadAtoms,NN54,nCl,NN294,nF5HeteroRing,F4,MQNs_topology_counts_rgIO,NN243,NN5,F52,nF8Ring,nT11Ring,D14,D5,NN53,nP,NN99,MQNs_bond_counts_adb,NN61,NumAliphaticCarbocycles,NN287,nT8HeteroRing,NN284,nF6HeteroRing,NumAmideBonds,nBondsD2,NN292,NumSaturatedHeterocycles,NN108,NN8,NN286,NumSaturatedRings,VSA_EState10,NN297,FractionCSP3,NumAromaticHeterocycles,NN63,nT12Ring,NN236,NumHAcceptors,NN105,NN107,NPR1,NN74,NN58,MQNs_polarity_counts_posc,NN335,MQNs_polarity_counts_hbdm,NN280,NumAromaticCarbocycles,Chi4n,EState_VSA7,NN329,MQNs_atom_counts_f,NN233,Asphericity,F54,F36,MQNs_bond_counts_rbc,NN77,SlogP_VSA7,nX,NN47,D19,VSA_EState4,D30,NN60,PEOE_VSA2,NN97,NN303,NN230,D16,NN332,NN257,NN76,NumSpiroAtoms,NN9,NN319,PEOE_VSA3,NN228,SMR_VSA4,NN11,nN,EState_VSA6,D28,F37,MQNs_topology_counts_cqv,NN83,SMR_VSA9,PEOE_VSA13,D17,NN66,nF7HeteroRing
1k1i_protein+1k1i_ligand,0.017937219730941704,0.017937219730941704,0.053811659192825115,0.008968609865470852,0.013452914798206279,0.06278026905829596,-0.0,0.04484304932735426,0.026905829596412557,0.0,0.0,0.0,0.0,0.0,0.06278026905829596,0.03587443946188341,0.0,0,0.0,0.06278026905829596,0.0,0.07174887892376682,5.5845434734,0.0,0.0,0.0,0.0,0,0.013452914798206279,0,0.0,0.06726457399103139,0.0,0.0,0,0.0,0.0,0.0,0,0.0,0.0,0.0,0.0,1,0,0.0,0.0,3.402299609980228,0.0,0.07623318385650224,1.0,0.0,0.830362748441034,0.0,0.0,0.0,0.0,0.0,0.0,0.0,0.5352729319729613,0.0,0.15246636771300448,0.0,0.0,0,0.0,0,1.0,0.0,0.0,0.0,-0.2103429273,0,0.0,6.846848487854004,-6.0935928683,0.0,0.0,0.9,0,0.0,0,0.0,4,0.0,0,0.0,0.0,0.0,0.0,1,3.0,0.0,1,1.0,0.0,3.0,1,-6.829977822919284,0.0,0.3076923076923077,0,2.0,0.0,1.0,6,0.0,0.0,0.5572232102142303,0.0,0.0,0,0.0,1,1.0,3,2.535871182006897,0.0,0.0,0,0.0,0.10817149847239411,7.5,-13.4181359895,10,0.0,7.059210391641003,0.0,0.0,1,0.0,9.4,0.0,4.794537184071822,0.0,0.0,5.0,0.4,0.0,0.0,0.0,0,0.0,6.0,13.212334168400758,0.0,11.439433951452546,0.0,4,0.0,7.2,-6.4615994711,5,0.0,0.0,0.0,4,1.0,0.0
