pdb,W,E,C,R,F,K,F43,Q,D,NN254,NN239,NN255,NN261,NN238,A,P,NN293,MQNs_topology_counts_r4,NN296,L,NN265,N,vina,NN246,NN75,NN256,NN278,MQNs_atom_counts_br,H,MQNs_atom_counts_p,nF5Ring,I,nF8HeteroRing,NN277,MQNs_bond_counts_atb,nT7HeteroRing,NN44,NN247,MQNs_polarity_counts_negc,NN100,nF11HeteroRing,NN43,NN295,MQNs_atom_counts_s,MQNs_atom_counts_cl,NN59,D22,Chi4v,n4Ring,V,NN104,NN45,Eccentricity,NN262,nF11Ring,NN95,NN260,nT7Ring,nF7Ring,NN285,SpherocityIndex,n3Ring,S,nF10HeteroRing,nT11HeteroRing,MQNs_atom_counts_co,NN89,NumBridgeheadAtoms,NN54,nCl,NN294,nF5HeteroRing,F4,MQNs_topology_counts_rgIO,NN243,NN5,F52,nF8Ring,nT11Ring,D14,D5,NN53,nP,NN99,MQNs_bond_counts_adb,NN61,NumAliphaticCarbocycles,NN287,nT8HeteroRing,NN284,nF6HeteroRing,NumAmideBonds,nBondsD2,NN292,NumSaturatedHeterocycles,NN108,NN8,NN286,NumSaturatedRings,VSA_EState10,NN297,FractionCSP3,NumAromaticHeterocycles,NN63,nT12Ring,NN236,NumHAcceptors,NN105,NN107,NPR1,NN74,NN58,MQNs_polarity_counts_posc,NN335,MQNs_polarity_counts_hbdm,NN280,NumAromaticCarbocycles,Chi4n,EState_VSA7,NN329,MQNs_atom_counts_f,NN233,Asphericity,F54,F36,MQNs_bond_counts_rbc,NN77,SlogP_VSA7,nX,NN47,D19,VSA_EState4,D30,NN60,PEOE_VSA2,NN97,NN303,NN230,D16,NN332,NN257,NN76,NumSpiroAtoms,NN9,NN319,PEOE_VSA3,NN228,SMR_VSA4,NN11,nN,EState_VSA6,D28,F37,MQNs_topology_counts_cqv,NN83,SMR_VSA9,PEOE_VSA13,D17,NN66,nF7HeteroRing
3utu_protein+3utu_ligand,0.02909090909090909,0.06909090909090909,0.02909090909090909,0.07272727272727272,0.03636363636363636,0.07636363636363637,-0.0,0.02909090909090909,0.06545454545454546,0.0,0.0,0.0,0.0,0.0,0.04363636363636364,0.05454545454545454,0.0,0,0.0,0.09090909090909091,0.0,0.03636363636363636,7.278538628399999,0.0,0.0,0.0,0.0,0,0.01818181818181818,0,0.0,0.05454545454545454,0.0,0.0,1,0.0,0.0,0.0,0,0.0,0.0,0.0,0.0,1,1,0.0,0.6,3.9285143228173216,0.0,0.05818181818181818,0.0,0.0,0.9600383505405115,0.0,0.0,0.0,0.0,0.0,0.0,0.0,0.222089102310264,0.0,0.05818181818181818,0.0,0.0,0,0.0,0,0.0,1.0,0.0,0.0,-0.1523972173,0,0.0,4.6907854080200195,-5.451209661199999,0.0,0.0,1.2,1,0.0,0,0.0,5,0.0,0,0.0,0.0,0.0,0.0,3,5.0,0.0,1,0.0,5.0,1.0,1,-1.1156382680414554,0.0,0.3125,0,3.0,0.0,1.0,9,0.0,0.0,0.27986847891724814,0.0,0.0,0,0.0,0,0.0,3,2.825746625447049,0.0,1.0,0,0.0,0.38191717955002036,12.5,-19.713849362199998,16,0.0,14.905527862038731,1.0,0.0,0,0.0,11.7,0.0,14.383611552215466,0.0,0.0,7.0,0.6,0.0,0.0,0.0,0,0.0,5.0,8.417796984328938,1.0,11.439433951452546,1.0,7,0.0,9.4,-8.2039242822,4,0.0,11.818733146076179,0.0,2,0.0,0.0
