pdb,W,E,C,R,F,K,F43,Q,D,NN254,NN239,NN255,NN261,NN238,A,P,NN293,MQNs_topology_counts_r4,NN296,L,NN265,N,vina,NN246,NN75,NN256,NN278,MQNs_atom_counts_br,H,MQNs_atom_counts_p,nF5Ring,I,nF8HeteroRing,NN277,MQNs_bond_counts_atb,nT7HeteroRing,NN44,NN247,MQNs_polarity_counts_negc,NN100,nF11HeteroRing,NN43,NN295,MQNs_atom_counts_s,MQNs_atom_counts_cl,NN59,D22,Chi4v,n4Ring,V,NN104,NN45,Eccentricity,NN262,nF11Ring,NN95,NN260,nT7Ring,nF7Ring,NN285,SpherocityIndex,n3Ring,S,nF10HeteroRing,nT11HeteroRing,MQNs_atom_counts_co,NN89,NumBridgeheadAtoms,NN54,nCl,NN294,nF5HeteroRing,F4,MQNs_topology_counts_rgIO,NN243,NN5,F52,nF8Ring,nT11Ring,D14,D5,NN53,nP,NN99,MQNs_bond_counts_adb,NN61,NumAliphaticCarbocycles,NN287,nT8HeteroRing,NN284,nF6HeteroRing,NumAmideBonds,nBondsD2,NN292,NumSaturatedHeterocycles,NN108,NN8,NN286,NumSaturatedRings,VSA_EState10,NN297,FractionCSP3,NumAromaticHeterocycles,NN63,nT12Ring,NN236,NumHAcceptors,NN105,NN107,NPR1,NN74,NN58,MQNs_polarity_counts_posc,NN335,MQNs_polarity_counts_hbdm,NN280,NumAromaticCarbocycles,Chi4n,EState_VSA7,NN329,MQNs_atom_counts_f,NN233,Asphericity,F54,F36,MQNs_bond_counts_rbc,NN77,SlogP_VSA7,nX,NN47,D19,VSA_EState4,D30,NN60,PEOE_VSA2,NN97,NN303,NN230,D16,NN332,NN257,NN76,NumSpiroAtoms,NN9,NN319,PEOE_VSA3,NN228,SMR_VSA4,NN11,nN,EState_VSA6,D28,F37,MQNs_topology_counts_cqv,NN83,SMR_VSA9,PEOE_VSA13,D17,NN66,nF7HeteroRing
1g2k_protein+1g2k_ligand,0.020202020202020204,0.04040404040404041,0.020202020202020204,0.04040404040404041,0.020202020202020204,0.06060606060606061,-0.0,0.06060606060606061,0.04040404040404041,0.0,0.0,0.0,0.0,0.0,0.030303030303030304,0.06060606060606061,0.0,0,0.0,0.12121212121212122,0.0,0.030303030303030304,8.4216534538,0.0,0.0,0.0,0.0,0,0.010101010101010102,0,0.0,0.13131313131313133,0.0,0.0,0,1.0,0.0,0.0,0,0.0,0.0,0.0,0.0,1,0,0.0,0.0,4.242409754781079,0.0,0.06060606060606061,0.0,0.0,0.7440423691821583,0.0,0.0,0.0,0.0,1.0,0.0,0.0,0.6358985711959323,0.0,0.010101010101010102,0.0,0.0,0,0.0,0,2.0,0.0,0.0,0.0,-0.1209231614,0,0.0,7.235785007476807,-7.1558991004,0.0,0.0,0.0,0,0.0,0,0.0,3,0.0,0,0.0,0.0,0.0,0.0,1,3.0,0.0,1,0.0,0.0,4.0,1,-8.219704585537919,0.0,0.2647058823529412,0,6.0,0.0,1.0,7,0.0,0.0,0.6681324366185202,0.0,0.0,0,0.0,0,0.0,4,2.964015391564691,0.0,0.0,0,0.0,0.052090218702965,12.0,-22.4929036091,14,0.0,1.4118420783282006,0.0,0.0,1,0.0,6.1,0.0,4.794537184071822,0.0,0.0,3.0,0.0,0.0,0.0,0.0,0,0.0,8.0,0.0,0.0,0.0,0.0,3,0.0,12.6,-10.3470353642,5,0.0,11.49902366656781,16.11650889974917,6,0.0,0.0
