pdb,W,E,C,R,F,K,F43,Q,D,NN254,NN239,NN255,NN261,NN238,A,P,NN293,MQNs_topology_counts_r4,NN296,L,NN265,N,vina,NN246,NN75,NN256,NN278,MQNs_atom_counts_br,H,MQNs_atom_counts_p,nF5Ring,I,nF8HeteroRing,NN277,MQNs_bond_counts_atb,nT7HeteroRing,NN44,NN247,MQNs_polarity_counts_negc,NN100,nF11HeteroRing,NN43,NN295,MQNs_atom_counts_s,MQNs_atom_counts_cl,NN59,D22,Chi4v,n4Ring,V,NN104,NN45,Eccentricity,NN262,nF11Ring,NN95,NN260,nT7Ring,nF7Ring,NN285,SpherocityIndex,n3Ring,S,nF10HeteroRing,nT11HeteroRing,MQNs_atom_counts_co,NN89,NumBridgeheadAtoms,NN54,nCl,NN294,nF5HeteroRing,F4,MQNs_topology_counts_rgIO,NN243,NN5,F52,nF8Ring,nT11Ring,D14,D5,NN53,nP,NN99,MQNs_bond_counts_adb,NN61,NumAliphaticCarbocycles,NN287,nT8HeteroRing,NN284,nF6HeteroRing,NumAmideBonds,nBondsD2,NN292,NumSaturatedHeterocycles,NN108,NN8,NN286,NumSaturatedRings,VSA_EState10,NN297,FractionCSP3,NumAromaticHeterocycles,NN63,nT12Ring,NN236,NumHAcceptors,NN105,NN107,NPR1,NN74,NN58,MQNs_polarity_counts_posc,NN335,MQNs_polarity_counts_hbdm,NN280,NumAromaticCarbocycles,Chi4n,EState_VSA7,NN329,MQNs_atom_counts_f,NN233,Asphericity,F54,F36,MQNs_bond_counts_rbc,NN77,SlogP_VSA7,nX,NN47,D19,VSA_EState4,D30,NN60,PEOE_VSA2,NN97,NN303,NN230,D16,NN332,NN257,NN76,NumSpiroAtoms,NN9,NN319,PEOE_VSA3,NN228,SMR_VSA4,NN11,nN,EState_VSA6,D28,F37,MQNs_topology_counts_cqv,NN83,SMR_VSA9,PEOE_VSA13,D17,NN66,nF7HeteroRing
1vso_protein+1vso_ligand,0.01556420233463035,0.058365758754863814,0.011673151750972763,0.04669260700389105,0.027237354085603113,0.08560311284046693,-0.0,0.03501945525291829,0.06614785992217899,0.0,0.0,0.0,0.0,0.0,0.04669260700389105,0.03501945525291829,0.0,0,0.0,0.09727626459143969,0.0,0.03501945525291829,4.1786265159,0.0,0.0,0.0,0.0,0,0.007782101167315175,1,0.0,0.07392996108949416,0.0,0.0,0,0.0,0.0,0.0,0,0.0,0.0,0.0,0.0,0,0,0.0,0.0,1.233645829213774,0.0,0.05058365758754864,0.0,0.0,0.928588164573466,0.0,0.0,0.0,0.0,0.0,0.0,0.0,0.2779925061534728,0.0,0.0622568093385214,0.0,0.0,1,0.0,0,0.0,0.0,0.0,0.0,-0.14913318679999998,0,0.0,7.813217639923096,-6.7660565002999995,0.0,0.0,0.0,0,2.0,1,0.0,1,1.0,0,0.0,0.0,0.0,0.0,0,2.0,0.0,0,0.0,0.0,4.0,0,0.0,0.0,0.6363636363636364,1,7.0,0.0,0.0,7,0.0,1.0,0.3711118707533911,0.0,0.0,1,0.0,4,1.0,0,1.000040607070736,0.0,0.0,0,1.0,0.2685334437931799,7.5,-16.4296992315,7,0.0,4.235526234984602,0.0,0.0,0,0.0,6.7,0.0,0.0,0.0,0.0,3.0,1.7,1.0,0.0,0.0,0,0.0,6.0,0.0,0.0,0.0,6.0,2,0.0,3.3,-8.445741265399999,0,0.0,5.879988336435371,0.0,0,0.0,0.0
